"19"," california's 'do not track' law    reddit's website does not currently respond to a Do Not Track (""DNT"") or similar signal as it awaits the results of efforts by the policy and legal community to determine the meaning of DNT and the proper way to respond. reddit does not allow other parties to collect personally identifiable information from users on reddit.  ","Californians"
"19"," california's 'do not track' law    reddit's website does not currently respond to a Do Not Track (""DNT"") or similar signal as it awaits the results of efforts by the policy and legal community to determine the meaning of DNT and the proper way to respond. reddit does not allow other parties to collect personally identifiable information from users on reddit.  ","Californians"
"35"," international visitors    reddit is a San Francisco, California-based company whose servers are housed in the United States. All personal information we collect from our international users is transferred to the United States and processed according to US law.  ","Citizens from other countries"
"36","reddit complies with the U.S.-EU Safe Harbor Framework and the U.S.-Swiss Safe Harbor Framework as set forth by the U.S. Department of Commerce regarding the collection, use, and retention of personal information from European Union member countries and Switzerland. reddit has certified that it adheres to the Safe Harbor Privacy Principles of notice, choice, onward transfer, security, data integrity, access, and enforcement. To learn more about the Safe Harbor program, and to view reddit's certification, please visit http://www.export.gov/safeharbor/.  ","Europeans"
"36","reddit complies with the U.S.-EU Safe Harbor Framework and the U.S.-Swiss Safe Harbor Framework as set forth by the U.S. Department of Commerce regarding the collection, use, and retention of personal information from European Union member countries and Switzerland. reddit has certified that it adheres to the Safe Harbor Privacy Principles of notice, choice, onward transfer, security, data integrity, access, and enforcement. To learn more about the Safe Harbor program, and to view reddit's certification, please visit http://www.export.gov/safeharbor/.  ","Citizens from other countries"
"37","In compliance with the Safe Harbor Principles, reddit commits to resolve complaints about your privacy and our collection or use of your personal information. European Union and Swiss citizens with inquiries or complaints regarding this privacy policy should first contact us.  ","Europeans"
"37","In compliance with the Safe Harbor Principles, reddit commits to resolve complaints about your privacy and our collection or use of your personal information. European Union and Swiss citizens with inquiries or complaints regarding this privacy policy should first contact us.  ","Citizens from other countries"
"38","reddit has further committed to refer unresolved privacy complaints under the Safe Harbor Principles to an independent dispute resolution mechanism, the BBB EU SAFE HARBOR, operated by the Council of Better Business Bureaus. If you do not receive timely acknowledgment of your complaint, or if your complaint is not satisfactorily addressed reddit, please visit the BBB EU SAFE HARBOR web site at www.bbb.org/us/safe-harbor-complaints for more information and to file a complaint.  ","Europeans"
"38","reddit has further committed to refer unresolved privacy complaints under the Safe Harbor Principles to an independent dispute resolution mechanism, the BBB EU SAFE HARBOR, operated by the Council of Better Business Bureaus. If you do not receive timely acknowledgment of your complaint, or if your complaint is not satisfactorily addressed reddit, please visit the BBB EU SAFE HARBOR web site at www.bbb.org/us/safe-harbor-complaints for more information and to file a complaint.  ","Europeans"
"39"," children under 13    Although we welcome users from all walks of life, reddit is not aimed at children, and the United States government has put limits on our ability to accept users under a certain age through the Children's Online Privacy Protection Act of 1998. Individuals under the age of 13 may not create an account with us. If you believe someone 12 or younger is using our site without parental consent, please contact us.  ","Children"
"39"," children under 13    Although we welcome users from all walks of life, reddit is not aimed at children, and the United States government has put limits on our ability to accept users under a certain age through the Children's Online Privacy Protection Act of 1998. Individuals under the age of 13 may not create an account with us. If you believe someone 12 or younger is using our site without parental consent, please contact us.  ","Children"
